Taxon,Author,YearPublished,PublicationCode,EffectCode,Metric,EffectSize,EffectSizeStandardError,FireType,Severity,TimeClass,YearSinceFire,FireFreq,HabitatType,Growing/non,Treatment
Carabids,Barber et al.,2017,Barber et al.  2017,Barber et al.  2017 1,Richness,-0.92,0.31,Prescribed Fire,,0,0,No,Grassland,Dormant,
Carabids,Barber et al.,2017,Barber et al.  2017,Barber et al.  2017 2,Abundance,0.84,0.54,Prescribed Fire,,0,0,No,Grassland,Dormant,
Carabids,Barber et al.,2017,Barber et al.  2017,Barber et al.  2017 3,Richness,-0.77,0.53,Prescribed Fire,,1to5,1,No,Grassland,Dormant,
Carabids,Barber et al.,2017,Barber et al.  2017,Barber et al.  2017 4,Abundance,0.24,0.45,Prescribed Fire,,1to5,1,No,Grassland,Dormant,
Carabids,Barber et al.,2017,Barber et al.  2017,Barber et al.  2017 5,Richness,0.49,0.29,Prescribed Fire,,0,0,No,Grassland,Dormant,
Carabids,Barber et al.,2017,Barber et al.  2017,Barber et al.  2017 6,Richness,1.61,0.7,Prescribed Fire,,0,0,No,Grassland,Dormant,
Carabids,Barber et al.,2017,Barber et al.  2017,Barber et al.  2017 7,Richness,0.67,0.52,Prescribed Fire,,1to5,1,No,Grassland,Dormant,
Carabids,Barber et al.,2017,Barber et al.  2017,Barber et al.  2017 8,Richness,-0.24,0.45,Prescribed Fire,,1to5,1,No,Grassland,Dormant,
Carabids,Barber et al.,2017,Barber et al.  2017,Barber et al.  2017 9,Abundance,0.38,0.46,Prescribed Fire,,1to5,1,Yes,Grassland,Dormant,
Carabids,Barber et al.,2017,Barber et al.  2017,Barber et al.  2017 10,Richness,0.21,0.45,Prescribed Fire,,1to5,1,Yes,Grassland,Dormant,
Carabids,Barber et al.,2017,Barber et al.  2017,Barber et al.  2017 11,Abundance,-0.53,0.35,Prescribed Fire,,0,0,Yes,Grassland,Dormant,
Carabids,Barber et al.,2017,Barber et al.  2017,Barber et al.  2017 12,Richness,0.8,0.37,Prescribed Fire,,0,0,Yes,Grassland,Dormant,
Carabids,Barber et al.,2017,Barber et al.  2017,Barber et al.  2017 13,Abundance,0.1,0.43,Prescribed Fire,,0,0,Yes,Grassland,Dormant,
Carabids,Barber et al.,2017,Barber et al.  2017,Barber et al.  2017 14,Richness,0.82,0.48,Prescribed Fire,,0,0,Yes,Grassland,Dormant,
Carabids,Barber et al.,2017,Barber et al.  2017,Barber et al.  2017 15,Richness,0.26,0.33,Treatment+Fire,,Pooled,,Yes,Grassland,Dormant,Grazing
Carabids,Barber et al.,2017,Barber et al.  2017,Barber et al.  2017 16,Abundance,0.65,0.35,Treatment+Fire,,Pooled,,Yes,Grassland,Dormant,Grazing
Carabids,Bargmann et al.,2015,Bargmann et al. 2015,Bargmann et al. 2015 1,Richness,1,0.17,Prescribed Fire,Low,0,0,No,Shrubland,Dormant,
Carabids,Bargmann et al.,2015,Bargmann et al. 2015,Bargmann et al. 2015 2,Abundance,-0.08,0.15,Prescribed Fire,Low,0,0,No,Shrubland,Dormant,
Carabids,Bargmann et al.,2015,Bargmann et al. 2015,Bargmann et al. 2015 3,Richness,1.25,0.07,Prescribed Fire,Low,1to5,3,No,Shrubland,Dormant,
Carabids,Bargmann et al.,2015,Bargmann et al. 2015,Bargmann et al. 2015 4,Abundance,-0.19,0.06,Prescribed Fire,Low,1to5,3,No,Shrubland,Dormant,
Carabids,Bargmann et al.,2015,Bargmann et al. 2015,Bargmann et al. 2015 5,Richness,0.79,0.07,Prescribed Fire,Low,5to10,7.5,No,Shrubland,Dormant,
Carabids,Bargmann et al.,2015,Bargmann et al. 2015,Bargmann et al. 2015 6,Abundance,-0.21,0.06,Prescribed Fire,Low,5to10,7.5,No,Shrubland,Dormant,
Carabids,Bargmann et al.,2015,Bargmann et al. 2015,Bargmann et al. 2015 7,Richness,-0.37,0.11,Prescribed Fire,Low,10+,,No,Shrubland,Dormant,
Carabids,Bargmann et al.,2015,Bargmann et al. 2015,Bargmann et al. 2015 8,Abundance,0.13,0.11,Prescribed Fire,Low,10+,,No,Shrubland,Dormant,
Carabids,Bess et al.,2002,Bess et al. 2002,Bess et al. 2002 1,Richness,0.74,0.35,Wildfire,Mid,0,0,No,Broad-Leaf Forest,Growing,
Carabids,Bess et al.,2002,Bess et al. 2002,Bess et al. 2002 2,Abundance,-0.37,0.33,Wildfire,Mid,0,0,No,Broad-Leaf Forest,Growing,
Carabids,Buddle et al.,2006,Buddle et al. 2006,Buddle et al. 2006 1,Abundance,-0.13,0.16,Wildfire,,1to5,1.5,No,Broad-Leaf Forest,,
Carabids,Buddle et al.,2006,Buddle et al. 2006,Buddle et al. 2006 2,Abundance,-0.47,0.16,Wildfire,,10+,14.5,No,Broad-Leaf Forest,,
Carabids,Buddle et al.,2006,Buddle et al. 2006,Buddle et al. 2006 3,Abundance,-0.23,0.16,Wildfire,,10+,28.5,No,Broad-Leaf Forest,,
Carabids,Chen et al.,2006,Chen et al. 2006,Chen et al. 2006 1,Richness,2.55,0.02,Wildfire,High,Pooled,,No,Coniferous Forest,Growing,
Carabids,Chen et al.,2006,Chen et al. 2006,Chen et al. 2006 2,Richness,0.51,0.01,Treatment+Fire,,Pooled,,No,Coniferous Forest,,Thinning
Carabids,DeSantis and Storer,2007,DeSantis and Storer 2007,DeSantis and Storer 2007 1,Abundance,-1.64,0.55,Prescribed Fire,,0,0,No,Coniferous Forest,Growing,
Carabids,DeSantis and Storer,2007,DeSantis and Storer 2007,DeSantis and Storer 2007 2,Abundance,-1.1,0.45,Treatment+Fire,,0,0,No,Coniferous Forest,Growing,Clear Cut
Carabids,Gandhi et al.,2001,Gandhi et al. 2001,Gandhi et al. 2001 1,Abundance,-1.47,0.17,Wildfire,High,10+,15,No,Coniferous Forest,,
Carabids,Gandhi et al.,2001,Gandhi et al. 2001,Gandhi et al. 2001 2,Abundance,0.48,0.16,Wildfire,High,10+,15,No,Coniferous Forest,,
Carabids,Gandhi et al.,2008,Gandhi et al. 2008,Gandhi et al. 2008 1,Abundance,0.08,0,Prescribed Fire,,,,No,Coniferous Forest,,
Carabids,Gandhi et al.,2008,Gandhi et al. 2008,Gandhi et al. 2008 2,Abundance,0.19,0,Prescribed Fire,,,,Yes,Coniferous Forest,,
Carabids,Gongalski et al.,2006,Gongalski et al. 2006,Gongalski et al. 2006 1,Abundance,1.52,0.11,Prescribed Fire,Low,0,0,No,Coniferous Forest,Growing,
Carabids,Gongalski et al.,2006,Gongalski et al. 2006,Gongalski et al. 2006 2,Richness,1.89,0.13,Prescribed Fire,Low,0,0,No,Coniferous Forest,Growing,
Carabids,Gongalski et al.,2006,Gongalski et al. 2006,Gongalski et al. 2006 3,Abundance,0.26,0.03,Treatment+Fire,Low,0,0,No,Coniferous Forest,Growing,Clear Cut
Carabids,Gongalski et al.,2006,Gongalski et al. 2006,Gongalski et al. 2006 4,Richness,0.24,0.03,Treatment+Fire,Low,0,0,No,Coniferous Forest,Growing,Thinning
Carabids,Gongalski et al.,2006,Gongalski et al. 2006,Gongalski et al. 2006 5,Abundance,0.71,0.03,Treatment+Fire,Low,0,0,No,Coniferous Forest,Growing,Thinning
Carabids,Gongalski et al.,2006,Gongalski et al. 2006,Gongalski et al. 2006 6,Richness,0.86,0.03,Treatment+Fire,Low,0,0,No,Coniferous Forest,Growing,Clear Cut
Carabids,Hammond et al.,2018,Hammond et al. 2018,Hammond et al. 2018 1,Abundance,-2.33,0.27,Wildfire,High,1to5,5,No,Broad-Leaf Forest,Growing,
Carabids,Hammond et al.,2018,Hammond et al. 2018,Hammond et al. 2018 2,Richness,-1.64,0.21,Wildfire,High,1to5,5,No,Broad-Leaf Forest,Growing,
Carabids,Koivula et al.,2006,Koivula et al. 2006,Koivula et al. 2006 1,Abundance,1.28,0.27,Prescribed Fire,Low,1to5,1,No,Coniferous Forest,Growing,
Carabids,Koivula et al.,2006,Koivula et al. 2006,Koivula et al. 2006 2,Abundance,1.6,0.3,Prescribed Fire,High,1to5,1,No,Coniferous Forest,Growing,
Carabids,Koivula et al.,2006,Koivula et al. 2006,Koivula et al. 2006 3,Abundance,0.91,0.25,Prescribed Fire,Low,1to5,2,No,Coniferous Forest,Growing,
Carabids,Koivula et al.,2006,Koivula et al. 2006,Koivula et al. 2006 4,Abundance,0.82,0.24,Prescribed Fire,High,1to5,2,No,Coniferous Forest,Growing,
Carabids,Koivula et al.,2006,Koivula et al. 2006,Koivula et al. 2006 5,Richness,0.78,0.24,Prescribed Fire,Low,1to5,2,No,Coniferous Forest,Growing,
Carabids,Koivula et al.,2006,Koivula et al. 2006,Koivula et al. 2006 6,Richness,1.07,0.26,Prescribed Fire,High,1to5,2,No,Coniferous Forest,Growing,
Carabids,Martikainen et al.,2006,Martikainen et al. 2006,Martikainen et al. 2006 1,Abundance,-0.12,0.1,Prescribed Fire,Mid,1to5,1,No,Coniferous Forest,Growing,
Carabids,Martikainen et al.,2006,Martikainen et al. 2006,Martikainen et al. 2006 2,Richness,0.05,0.1,Prescribed Fire,Mid,1to5,1,No,Coniferous Forest,Growing,
Carabids,Martikainen et al.,2006,Martikainen et al. 2006,Martikainen et al. 2006 3,Abundance,1.71,0.13,Treatment+Fire,Mid,1to5,1,No,Coniferous Forest,Growing,Clear Cut
Carabids,Martikainen et al.,2006,Martikainen et al. 2006,Martikainen et al. 2006 4,Abundance,2.52,0.18,Treatment+Fire,Mid,1to5,1,No,Coniferous Forest,Growing,Thinning
Carabids,Martikainen et al.,2006,Martikainen et al. 2006,Martikainen et al. 2006 5,Abundance,1.4,0.12,Treatment+Fire,Mid,1to5,1,No,Coniferous Forest,Growing,Thinning
Carabids,Martikainen et al.,2006,Martikainen et al. 2006,Martikainen et al. 2006 6,Richness,1.26,0.12,Treatment+Fire,Mid,1to5,1,No,Coniferous Forest,Growing,Clear Cut
Carabids,Martikainen et al.,2006,Martikainen et al. 2006,Martikainen et al. 2006 7,Richness,1.77,0.14,Treatment+Fire,Mid,1to5,1,No,Coniferous Forest,Growing,Thinning
Carabids,Martikainen et al.,2006,Martikainen et al. 2006,Martikainen et al. 2006 8,Richness,2.14,0.15,Treatment+Fire,Mid,1to5,1,No,Coniferous Forest,Growing,Thinning
Carabids,Moretti et al.,2004,Moretti et al. 2004,Moretti et al. 2004 1,Richness,0,0.08,Wildfire,Low,,,No,Broad-Leaf Forest,Dormant,
Carabids,Moretti et al.,2004,Moretti et al. 2004,Moretti et al. 2004 2,Abundance,-0.04,0.08,Wildfire,Low,,,No,Broad-Leaf Forest,Dormant,
Carabids,Nunes et al.,2006,Nunes et al. 2006,Nunes et al. 2006 1,Abundance,-0.07,0,Prescribed Fire,,1to5,1,No,Shrubland,Growing,
Carabids,Nunes et al.,2006,Nunes et al. 2006,Nunes et al. 2006 2,Abundance,0.01,0,Prescribed Fire,,1to5,1,No,Coniferous Forest,Growing,
Carabids,Nunes et al.,2006,Nunes et al. 2006,Nunes et al. 2006 3,Abundance,0,0.01,Prescribed Fire,,1to5,1,No,Shrubland,Growing,
Carabids,Nunes et al.,2006,Nunes et al. 2006,Nunes et al. 2006 4,Abundance,0.01,0.01,Prescribed Fire,,1to5,1,No,Coniferous Forest,Growing,
Carabids,Nunes et al.,2006,Nunes et al. 2006,Nunes et al. 2006 5,Richness,-0.04,0,Prescribed Fire,,1to5,1,No,Shrubland,Growing,
Carabids,Nunes et al.,2006,Nunes et al. 2006,Nunes et al. 2006 6,Richness,-0.02,0,Prescribed Fire,,1to5,1,No,Coniferous Forest,Growing,
Carabids,Nunes et al.,2006,Nunes et al. 2006,Nunes et al. 2006 7,Richness,-0.03,0.01,Prescribed Fire,,1to5,1,No,Shrubland,Growing,
Carabids,Nunes et al.,2006,Nunes et al. 2006,Nunes et al. 2006 8,Richness,-0.01,0.01,Prescribed Fire,,1to5,1,No,Coniferous Forest,Growing,
Carabids,Parmenter et al.,2011,Parmenter et al. 2011,Parmenter et al. 2011 1,Abundance,-0.85,0.07,Wildfire,Low,0,0,No,Grassland,Growing,
Carabids,Parmenter et al.,2011,Parmenter et al. 2011,Parmenter et al. 2011 2,Richness,1.73,0.08,Wildfire,Low,0,0,No,Grassland,Growing,
Carabids,Saint-Germain et al.,2005,Saint-Germain et al. 2005,Saint-Germain et al. 2005 1,Abundance,-0.71,0.13,Wildfire,High,1to5,2,No,Coniferous Forest,,
Carabids,Saint-Germain et al.,2005,Saint-Germain et al. 2005,Saint-Germain et al. 2005 2,Richness,1.66,0.03,Wildfire,High,1to5,2,No,Coniferous Forest,,
Carabids,Samu et al.,2010,Samu et al. 2010,Samu et al. 2010 1,Abundance,0.53,0.1,Wildfire,High,0,0,No,Grassland,Growing,
Carabids,Samu et al.,2010,Samu et al. 2010,Samu et al. 2010 2,Richness,0.14,0.1,Wildfire,High,0,0,No,Grassland,Growing,
Carabids,Toivanen et al.,2014,Toivanen et al. 2014,Toivanen et al. 2014 1,Richness,-0.05,0.2,Prescribed Fire,Low,5to10,7,No,Coniferous Forest,Growing,
Carabids,Toivanen et al.,2014,Toivanen et al. 2014,Toivanen et al. 2014 2,Abundance,-0.38,0.21,Prescribed Fire,Low,5to10,7,No,Coniferous Forest,Growing,
Carabids,Toivanen et al.,2014,Toivanen et al. 2014,Toivanen et al. 2014 3,Richness,0.23,0.2,Treatment+Fire,Mid,5to10,7,No,Coniferous Forest,Growing,Thinning
Carabids,Toivanen et al.,2014,Toivanen et al. 2014,Toivanen et al. 2014 4,Abundance,-0.64,0.21,Treatment+Fire,Mid,5to10,7,No,Coniferous Forest,Growing,Thinning
Carabids,Toivanen et al.,2014,Toivanen et al. 2014,Toivanen et al. 2014 5,Richness,1.04,0.23,Treatment+Fire,Mid,5to10,7,No,Coniferous Forest,Growing,Thinning
Carabids,Toivanen et al.,2014,Toivanen et al. 2014,Toivanen et al. 2014 6,Abundance,-1.11,0.24,Treatment+Fire,Mid,5to10,7,No,Coniferous Forest,Growing,Thinning
Carabids,Toivanen et al.,2014,Toivanen et al. 2014,Toivanen et al. 2014 7,Richness,0.78,0.22,Treatment+Fire,Mid,5to10,7,No,Coniferous Forest,Growing,Thinning
Carabids,Toivanen et al.,2014,Toivanen et al. 2014,Toivanen et al. 2014 8,Abundance,-0.92,0.23,Treatment+Fire,Mid,5to10,7,No,Coniferous Forest,Growing,Thinning
Carabids,Pryke and Samways,2012,Pryke and Samways 2012,Pryke and Samways 2012 1,Abundance,-0.51,0.43,Wildfire,,0,0,No,Shrubland,Growing,
Carabids,Pryke and Samways,2012,Pryke and Samways 2012,Pryke and Samways 2012 2,Abundance,-0.18,0.42,Wildfire,,1to5,1,No,Shrubland,Growing,
Carabids,Pryke and Samways,2012,Pryke and Samways 2012,Pryke and Samways 2012 3,Richness,-0.1,0.41,Wildfire,,0,0,No,Shrubland,Growing,
Carabids,Pryke and Samways,2012,Pryke and Samways 2012,Pryke and Samways 2012 4,Richness,-0.49,0.43,Wildfire,,1to5,1,No,Shrubland,Growing,
Carabids,Garcia-Villanueva et al.,1998,Garcia-Villanueva et al.  1998,Garcia-Villanueva et al.  1998 1,Abundance,-0.61,0.19,WIldfire,High,0,0,No,Broad-Leaf Forest,Growing,
Carabids,Gongalski et al.,2008,Gongalski et al. 2008,Gongalski et al. 2008 1,Abundance,0.28,0.03,Wildfire,High,1to5,2,No,Coniferous Forest,Growing,
Carabids,Gongalski et al.,2008,Gongalski et al. 2008,Gongalski et al. 2008 2,Richness,0.32,0.03,Wildfire,High,1to5,2,No,Coniferous Forest,Growing,
Carabids,Apigian,2005,Apigian 2005,Apigian 2005 1,Richness,1.6,0.64,Prescribed Fire,Mid,0,0,No,Coniferous Forest,Dormant,
Carabids,Apigian,2005,Apigian 2005,Apigian 2005 2,Abundance,-0.83,0.48,Prescribed Fire,Mid,0,0,No,Coniferous Forest,Dormant,
Carabids,Roughley et al.,2010,Roughley et al.  2010,Roughley et al.  2010 1,Abundance,0.5,0.39,Prescribed Fire,Mid,0,0,No,Grassland,Growing,
Carabids,Roughley et al.,2010,Roughley et al.  2010,Roughley et al.  2010 2,Abundance,0.96,0.44,Prescribed Fire,Mid,0,0,No,Grassland,Growing,
Carabids,Roughley et al.,2010,Roughley et al.  2010,Roughley et al.  2010 3,Abundance,-0.02,0.38,Prescribed Fire,Low,0,0,No,Grassland,Dormant,
Carabids,Roughley et al.,2010,Roughley et al.  2010,Roughley et al.  2010 4,Richness,0.86,0.42,Prescribed Fire,Mid,0,0,No,Grassland,Growing,
Carabids,Roughley et al.,2010,Roughley et al.  2010,Roughley et al.  2010 5,Richness,0.57,0.4,Prescribed Fire,Mid,0,0,No,Grassland,Growing,
Carabids,Roughley et al.,2010,Roughley et al.  2010,Roughley et al.  2010 6,Richness,0.05,0.38,Prescribed Fire,Low,0,0,No,Grassland,Dormant,
Carabids,Roughley et al.,2010,Roughley et al.  2010,Roughley et al.  2010 7,Abundance,0.36,0.39,Prescribed Fire,Mid,1to5,1,No,Grassland,Growing,
Carabids,Roughley et al.,2010,Roughley et al.  2010,Roughley et al.  2010 8,Abundance,0.11,0.38,Prescribed Fire,Mid,1to5,1,No,Grassland,Growing,
Carabids,Roughley et al.,2010,Roughley et al.  2010,Roughley et al.  2010 9,Abundance,-0.01,0.38,Prescribed Fire,Low,1to5,1,No,Grassland,Dormant,
Carabids,Roughley et al.,2010,Roughley et al.  2010,Roughley et al.  2010 10,Richness,-0.08,0.38,Prescribed Fire,Mid,1to5,1,No,Grassland,Growing,
Carabids,Roughley et al.,2010,Roughley et al.  2010,Roughley et al.  2010 11,Richness,0.74,0.41,Prescribed Fire,Mid,1to5,1,No,Grassland,Growing,
Carabids,Roughley et al.,2010,Roughley et al.  2010,Roughley et al.  2010 12,Richness,-0.08,0.38,Prescribed Fire,Low,1to5,1,No,Grassland,Dormant,
Carabids,Roughley et al.,2010,Roughley et al.  2010,Roughley et al.  2010 13,Abundance,0.27,0.38,Prescribed Fire,Mid,1to5,2,No,Grassland,Growing,
Carabids,Roughley et al.,2010,Roughley et al.  2010,Roughley et al.  2010 14,Abundance,-0.47,0.39,Prescribed Fire,Mid,1to5,2,No,Grassland,Growing,
Carabids,Roughley et al.,2010,Roughley et al.  2010,Roughley et al.  2010 15,Abundance,-1.1,0.45,Prescribed Fire,Low,1to5,2,No,Grassland,Dormant,
Carabids,Roughley et al.,2010,Roughley et al.  2010,Roughley et al.  2010 16,Richness,-0.18,0.38,Prescribed Fire,Mid,1to5,2,No,Grassland,Growing,
Carabids,Roughley et al.,2010,Roughley et al.  2010,Roughley et al.  2010 17,Richness,-0.38,0.39,Prescribed Fire,Mid,1to5,2,No,Grassland,Growing,
Carabids,Roughley et al.,2010,Roughley et al.  2010,Roughley et al.  2010 18,Richness,-0.29,0.38,Prescribed Fire,Low,1to5,2,No,Grassland,Dormant,
Carabids,Roughley et al.,2010,Roughley et al.  2010,Roughley et al.  2010 19,Abundance,0.16,0.38,Prescribed Fire,Mid,1to5,3,No,Grassland,Growing,
Carabids,Roughley et al.,2010,Roughley et al.  2010,Roughley et al.  2010 20,Abundance,0,0.38,Prescribed Fire,Mid,1to5,3,No,Grassland,Growing,
Carabids,Roughley et al.,2010,Roughley et al.  2010,Roughley et al.  2010 21,Abundance,0.17,0.38,Prescribed Fire,Low,1to5,3,No,Grassland,Dormant,
Carabids,Roughley et al.,2010,Roughley et al.  2010,Roughley et al.  2010 22,Richness,0.48,0.39,Prescribed Fire,Mid,1to5,3,No,Grassland,Growing,
Carabids,Roughley et al.,2010,Roughley et al.  2010,Roughley et al.  2010 23,Richness,0.35,0.39,Prescribed Fire,Mid,1to5,3,No,Grassland,Growing,
Carabids,Roughley et al.,2010,Roughley et al.  2010,Roughley et al.  2010 24,Richness,1.11,0.46,Prescribed Fire,Low,1to5,3,No,Grassland,Dormant,
Carabids,Short,2003,Short 2003,Short 2003 1,Abundance,-0.76,0.48,Prescribed Fire,Low,1to5,1,No,Coniferous Forest,Dormant,
Carabids,Short,2003,Short 2003,Short 2003 2,Abundance,-0.17,0.43,Prescribed Fire,Low,1to5,2,No,Coniferous Forest,Dormant,
Carabids,Nelson (Masters),2019,Nelson (Masters) 2019,Nelson (Masters) 2019 1,Abundance,0.7,0.38,Prescribed Fire,,0,0,No,Grassland,Dormant,
Carabids,Nelson (Masters),2019,Nelson (Masters) 2019,Nelson (Masters) 2019 2,Richness,0.08,0.38,Prescribed Fire,,0,0,No,Grassland,Dormant,
Carabids,Nelson (Masters),2019,Nelson (Masters) 2019,Nelson (Masters) 2019 3,Abundance,0.91,0.38,Prescribed Fire,,0,0,No,Grassland,Dormant,
Carabids,Nelson (Masters),2019,Nelson (Masters) 2019,Nelson (Masters) 2019 4,Richness,0.53,0.35,Prescribed Fire,,0,0,No,Grassland,Dormant,
Carabids,Nelson (Masters),2019,Nelson (Masters) 2019,Nelson (Masters) 2019 5,Abundance,0.82,0.46,Prescribed Fire,,1to5,1,No,Grassland,Dormant,
Carabids,Nelson (Masters),2019,Nelson (Masters) 2019,Nelson (Masters) 2019 6,Richness,0.89,0.47,Prescribed Fire,,1to5,1,No,Grassland,Dormant,
Carabids,Nelson (Masters),2019,Nelson (Masters) 2019,Nelson (Masters) 2019 7,Abundance,0.83,0.3,Treatment+Fire,,0,0,Yes,Grassland,Dormant,Grazing
Carabids,Nelson (Masters),2019,Nelson (Masters) 2019,Nelson (Masters) 2019 8,Richness,0.54,0.28,Treatment+Fire,,0,0,Yes,Grassland,Dormant,Grazing
Carabids,Nelson (Masters),2019,Nelson (Masters) 2019,Nelson (Masters) 2019 9,Abundance,3.4,1.24,Treatment+Fire,,0,0,Yes,Grassland,Dormant,Grazing
Carabids,Nelson (Masters),2019,Nelson (Masters) 2019,Nelson (Masters) 2019 10,Richness,0.24,0.42,Treatment+Fire,,0,0,Yes,Grassland,Dormant,Grazing
Carabids,Nelson (Masters),2019,Nelson (Masters) 2019,Nelson (Masters) 2019 11,Abundance,0.54,0.5,Treatment+Fire,,0,0,Yes,Grassland,Dormant,Grazing
Carabids,Nelson (Masters),2019,Nelson (Masters) 2019,Nelson (Masters) 2019 12,Richness,0.27,0.49,Treatment+Fire,,0,0,Yes,Grassland,Dormant,Grazing
Carabids,Rice,1932,Rice 1932,Rice 1932 1,Abundance,-1.06,0.45,Prescribed Fire,Low,0,0,Yes,Grassland,Growing,
Carabids,Campbell et al.,2018,Campbell et al. 2018,Campbell et al. 2018 1,Abundance,0.02,0.08,Prescribed Fire,Low,Pooled,,Yes,Broad-Leaf Forest,Dormant,
Carabids,Campbell et al.,2018,Campbell et al. 2018,Campbell et al. 2018 2,Richness,-0.13,0.08,Prescribed Fire,Low,Pooled,,Yes,Broad-Leaf Forest,Dormant,
Carabids,Campbell et al.,2018,Campbell et al. 2018,Campbell et al. 2018 3,Abundance,0.07,0.16,Treatment+Fire,Low,Pooled,,Yes,Broad-Leaf Forest,Dormant,Thinning
Carabids,Campbell et al.,2018,Campbell et al. 2018,Campbell et al. 2018 4,Richness,0.06,0.16,Treatment+Fire,Low,Pooled,,Yes,Broad-Leaf Forest,Dormant,Thinning
Carabids,Hanula et al.,2009,Hanula et al.  2009,Hanula et al.  2009 1,Abundance,0.03,0.16,Prescribed Fire,,1to5,3,Yes,Coniferous Forest,Dormant,
Carabids,Stanton (Dissertation),2000,Stanton (Dissertation) 2000,Stanton (Dissertation) 2000 1,Richness,0.06,0.16,Prescribed Fire,Low,0,0,No,Broad-Leaf Forest,Dormant,
Carabids,Stanton (Dissertation),2000,Stanton (Dissertation) 2000,Stanton (Dissertation) 2000 2,Richness,0.91,0.17,Prescribed Fire,Low,1to5,,No,Broad-Leaf Forest,Dormant,
Carabids,Stanton (Dissertation),2000,Stanton (Dissertation) 2000,Stanton (Dissertation) 2000 3,Richness,0.57,0.16,Prescribed Fire,Low,1to5,,No,Broad-Leaf Forest,Dormant,
Carabids,Stanton (Dissertation),2000,Stanton (Dissertation) 2000,Stanton (Dissertation) 2000 4,Richness,-0.39,0.16,Prescribed Fire,Low,0,0,Yes,Broad-Leaf Forest,Dormant,
Carabids,Stanton (Dissertation),2000,Stanton (Dissertation) 2000,Stanton (Dissertation) 2000 5,Abundance,0.63,0.16,Prescribed Fire,Low,0,0,No,Broad-Leaf Forest,Dormant,
Carabids,Stanton (Dissertation),2000,Stanton (Dissertation) 2000,Stanton (Dissertation) 2000 6,Abundance,0.12,0.16,Prescribed Fire,Low,1to5,,No,Broad-Leaf Forest,Dormant,
Carabids,Stanton (Dissertation),2000,Stanton (Dissertation) 2000,Stanton (Dissertation) 2000 7,Abundance,0.57,0.16,Prescribed Fire,Low,1to5,,No,Broad-Leaf Forest,Dormant,
Carabids,Stanton (Dissertation),2000,Stanton (Dissertation) 2000,Stanton (Dissertation) 2000 8,Abundance,0.02,0.16,Prescribed Fire,Low,0,0,Yes,Broad-Leaf Forest,Dormant,
Carabids,Holiday,1991,Holiday 1991,Holiday 1991 1,Abundance,-2.77,0.24,Wildfire,HIgh,1to5,,No,Broad-Leaf Forest,Growing,
Carabids,Holiday,1991,Holiday 1991,Holiday 1991 2,Abundance,-1.82,0.17,Wildfire,High,Pooled,,No,Coniferous Forest,Growing,
Carabids,Holiday,1992,Holiday 1992,Holiday 1991 3,Richness,-1.82,0.17,Wildfire,High,Pooled,,No,Coniferous Forest,Growing,
Carabids,Rickard,1970,Rickard 1970,Rickard 1970 148,Abundance,0.08,0.11,Wildfire,,5to10,,No,Shrubland,Growing,
Carabids,Sackmann and Farji-Brener,2006,Sackmann and Farji-Brener  2006,Sackmann and Farji-Brener  2006 149,Abundance,0.9,0.22,Treatment+Fire,,1to5,,No,Coniferous Forest,Growing,Grazing
Carabids,Sackmann and Farji-Brener,2006,Sackmann and Farji-Brener  2006,Sackmann and Farji-Brener  2006 150,Abundance,-0.6,0.3,Treatment+Fire,,1to5,,No,Shrubland,Growing,Grazing
Carabids,Sackmann and Farji-Brener,2006,Sackmann and Farji-Brener  2006,Sackmann and Farji-Brener  2006 151,Abundance,0.69,0.35,Treatment+Fire,,1to5,,No,Grassland,Growing,Grazing
Carabids,Haris and Whitcomb,1974,Haris and Whitcomb 1974,Haris and Whitcomb 1974 152,Abundance,-2.46,0.26,Prescribed Fire,Low,0,0,Yes,Coniferous Forest,,
Carabids,Haris and Whitcomb,1974,Haris and Whitcomb 1974,Haris and Whitcomb 1974 153,Richness,-3.69,0.41,Prescribed Fire,Low,0,0,Yes,Coniferous Forest,,
Carabids,Haris and Whitcomb,1974,Haris and Whitcomb 1974,Haris and Whitcomb 1974 154,Abundance,-2.8,0.24,Prescribed Fire,Low,1to5,,Yes,Coniferous Forest,,
Carabids,Haris and Whitcomb,1974,Haris and Whitcomb 1974,Haris and Whitcomb 1974 155,Richness,-2.19,0.18,Prescribed Fire,Low,1to5,,Yes,Coniferous Forest,,
Carabids,Villa-Castillo and Wagner,2002,Villa-Castillo and Wagner  2002,Villa-Castillo and Wagner  2002 156,Richness,4.32,1.55,Wildfire,Mid,1to5,,No,Coniferous Forest,,
Carabids,Villa-Castillo and Wagner,2002,Villa-Castillo and Wagner  2002,Villa-Castillo and Wagner  2002 157,Richness,2.29,0.71,Wildfire,Mid,1to5,,No,Coniferous Forest,,
Carabids,Villa-Castillo and Wagner,2002,Villa-Castillo and Wagner  2002,Villa-Castillo and Wagner  2002 158,Richness,2.86,0.89,Wildfire,Mid,1to5,,No,Coniferous Forest,,
Carabids,Villa-Castillo and Wagner,2002,Villa-Castillo and Wagner  2002,Villa-Castillo and Wagner  2002 159,Abundance,0.28,0.38,Wildfire,Mid,1to5,,No,Coniferous Forest,,
Carabids,Villa-Castillo and Wagner,2002,Villa-Castillo and Wagner  2002,Villa-Castillo and Wagner  2002 160,Abundance,-1.2,0.47,Wildfire,Mid,1to5,,No,Coniferous Forest,,
Carabids,Villa-Castillo and Wagner,2002,Villa-Castillo and Wagner  2002,Villa-Castillo and Wagner  2002 161,Abundance,1.7,0.56,Wildfire,Mid,1to5,,No,Coniferous Forest,,
Carabids,Villa-Castillo and Wagner,2002,Villa-Castillo and Wagner  2002,Villa-Castillo and Wagner  2002 162,Richness,3.66,1.22,Treatment+Fire,Mid,1to5,,No,Coniferous Forest,,Thinning
Carabids,Villa-Castillo and Wagner,2002,Villa-Castillo and Wagner  2002,Villa-Castillo and Wagner  2002 163,Richness,1.43,0.51,Treatment+Fire,Mid,1to5,,No,Coniferous Forest,,Thinning
Carabids,Villa-Castillo and Wagner,2002,Villa-Castillo and Wagner  2002,Villa-Castillo and Wagner  2002 164,Richness,1.75,0.57,Treatment+Fire,Mid,1to5,,No,Coniferous Forest,,Thinning
Carabids,Villa-Castillo and Wagner,2002,Villa-Castillo and Wagner  2002,Villa-Castillo and Wagner  2002 165,Abundance,-0.92,0.43,Treatment+Fire,Mid,1to5,,No,Coniferous Forest,,Thinning
Carabids,Villa-Castillo and Wagner,2002,Villa-Castillo and Wagner  2002,Villa-Castillo and Wagner  2002 166,Abundance,-1.52,0.52,Treatment+Fire,Mid,1to5,,No,Coniferous Forest,,Thinning
Carabids,Villa-Castillo and Wagner,2002,Villa-Castillo and Wagner  2002,Villa-Castillo and Wagner  2002 167,Abundance,0.63,0.4,Treatment+Fire,Mid,1to5,,No,Coniferous Forest,,Thinning
Carabids,Wikars,1995,Wikars 1995,Wikars 1995 168,Abundance,1.99,0.52,Prescribed Fire,Low,pooled,,No,Coniferous Forest,Growing,
Carabids,Wikars,1995,Wikars 1995,Wikars 1995 169,Abundance,0.98,0.37,Prescribed Fire,High,pooled,,No,Coniferous Forest,Growing,
Carabids,Niwa and Peck,2002,Niwa and Peck 2002,Niwa and Peck 2002 170,Abundance,-0.6,0.21,Prescribed Fire,Low,1to5,,Yes,Coniferous Forest,Growing,
Carabids,Niwa and Peck,2002,Niwa and Peck 2002,Niwa and Peck 2002 171,Richness,0.57,0.21,Prescribed Fire,Low,1to5,,Yes,Coniferous Forest,Growing,
Carabids,McFarren et al.,1995,McFarren et al.  1995,McFarren et al.  1995 172,Richness,0.8939,0.3409,,,Pooled,,No,Grassland,Dormant,
Carabids,Van Amburg,1981,Van Amburg 1981,Van Amburg 1981 173,Abundance,0.378,0.1314,Prescribed Fire,,0,0,No,Grassland,Growing,
Carabids,Mason et al.,in prep.,Mason et al. in prep.,Mason et al. in prep. 175,Abundance,-0.42,0.21,Prescribed Fire,Mid,0,0,No,Coniferous Forest,Dormant,
Carabids,Mason et al.,in prep.,Mason et al. in prep.,Mason et al. in prep. 176,Abundance,-1.49,0.26,Prescribed Fire,High,0,0,No,Coniferous Forest,Dormant,
Carabids,Mason et al.,in prep.,Mason et al. in prep.,Mason et al. in prep. 177,Abundance,-0.4068,0.4767,Prescribed Fire,Mid,1to5,1,No,Coniferous Forest,Dormant,
Carabids,Mason et al.,in prep.,Mason et al. in prep.,Mason et al. in prep. 178,Abundance,-1.944,0.5391,Prescribed Fire,High,1to5,1,No,Coniferous Forest,Dormant,
Carabids,Mason et al.,in prep.,Mason et al. in prep.,Mason et al. in prep. 179,Richness,-0.8664,0.4695,Prescribed Fire,Mid,0,0,No,Coniferous Forest,Dormant,
Carabids,Mason et al.,in prep.,Mason et al. in prep.,Mason et al. in prep. 179,Richness,-0.6453,0.4597,Prescribed Fire,High,1to5,1,No,Coniferous Forest,Dormant,
Carabids,Mason et al.,in prep.,Mason et al. in prep.,Mason et al. in prep. 179,Richness,-0.0797,0.4716,Prescribed Fire,Mid,1to5,1,No,Coniferous Forest,Dormant,
Carabids,Mason et al.,in prep.,Mason et al. in prep.,Mason et al. in prep. 180,Richness,-1.0354,0.505,Prescribed Fire,High,0,0,No,Coniferous Forest,Dormant,
Butterflies,Bendel et al.,2018,Bendel et al. 2018,Bendel et al. 2018 1,Abundance,0.13,0.33,Prescribed Fire,Low,0,0,Yes,Grassland,Dormant,
Butterflies,Bendel et al.,2018,Bendel et al. 2018,Bendel et al. 2018 2,Abundance,-0.74,0.39,Prescribed Fire,Low,1to5,1,Yes,Grassland,Dormant,
Butterflies,Bendel et al.,2018,Bendel et al. 2018,Bendel et al. 2018 3,Richness,0.34,0.18,Prescribed Fire,Low,0,0,Yes,Grassland,Dormant,
Butterflies,Bendel et al.,2018,Bendel et al. 2018,Bendel et al. 2018 4,Richness,-0.58,0.09,Prescribed Fire,Low,1to5,1,Yes,Grassland,Dormant,
Butterflies,Bohl et al.,2016,Bohl et al. 2016,Bohl et al. 2016 5,Abundance,-2.93,0.25,Prescribed Fire,High,0,0,No,Grassland,Growing,
Butterflies,Bohl et al.,2016,Bohl et al. 2016,Bohl et al. 2016 6,Richness,-1.19,0.14,Prescribed Fire,High,0,0,No,Grassland,Growing,
Butterflies,Campbell et al.,2007,Campbell et al. 2007,Campbell et al. 2007 7,Abundance,0.05,0.18,Prescribed Fire,Mid,1to5,2,No,Broad-Leaf Forest,Dormant,
Butterflies,Campbell et al.,2007,Campbell et al. 2007,Campbell et al. 2007 8,Abundance,0.01,0.18,Prescribed Fire,Mid,1to5,1,No,Broad-Leaf Forest,Dormant,
Butterflies,Campbell et al.,2007,Campbell et al. 2007,Campbell et al. 2007 9,Abundance,0.19,0.18,Treatment+Fire,Mid,1to5,2,No,Broad-Leaf Forest,Dormant,Thinning
Butterflies,Campbell et al.,2007,Campbell et al. 2007,Campbell et al. 2007 10,Abundance,0.14,0.18,Treatment+Fire,Mid,1to5,1,No,Broad-Leaf Forest,Dormant,Thinning
Butterflies,Campbell et al.,2018,Campbell et al. 2018,Campbell et al. 2018 11,Abundance,2.74,0.34,Prescribed Fire,Low,Pooled,,Yes,Broad-Leaf Forest,Dormant,
Butterflies,Campbell et al.,2018,Campbell et al. 2018,Campbell et al. 2018 12,Abundance,1.63,0.23,Treatment+Fire,Low,Pooled,,Yes,Broad-Leaf Forest,Dormant,Thinning
Butterflies,Cleary et al.,2006,Cleary et al. 2006,Cleary et al. 2006 13,Richness,-1.0236,0.8961,Wildfire,High,0,0,No,Broad-Leaf Forest,Tropics,
Butterflies,Cleary and Mooers 2004,2004,Cleary and Mooers 2004 2004,Cleary and Mooers 2004 2004 14,Richness,-0.12,0,Wildfire,High,1to5,2,No,Broad-Leaf Forest,Tropics,
Butterflies,Cleary and Mooers 2006,2006,Cleary and Mooers 2006 2006,Cleary and Mooers 2006 2006 15,Abundance,-0.25,0,Wildfire,High,1to5,2,No,Broad-Leaf Forest,Tropics,
Butterflies,de Andrade et al.,2017,de Andrade et al. 2017,de Andrade et al. 2017 16,Abundance,-0.42,0.44,Prescribed Fire,Low,1to5,1,Yes,Broad-Leaf Forest,Tropics,
Butterflies,de Andrade et al.,2017,de Andrade et al. 2017,de Andrade et al. 2017 17,Richness,-0.7,0.47,Prescribed Fire,Low,1to5,1,Yes,Broad-Leaf Forest,Tropics,
Butterflies,de Andrade et al.,2017,de Andrade et al. 2017,de Andrade et al. 2017 18,Abundance,-0.33,0.44,Prescribed Fire,High,1to5,3,Yes,Broad-Leaf Forest,Tropics,
Butterflies,de Andrade et al.,2017,de Andrade et al. 2017,de Andrade et al. 2017 19,Richness,0.21,0.43,Prescribed Fire,High,1to5,3,Yes,Broad-Leaf Forest,Tropics,
Butterflies,Dollar,2013,Dollar 2013,Dollar 2013 20,Abundance,-0.22,0.29,Prescribed Fire,Low,0,0,No,Grassland,Growing,
Butterflies,Dollar,2013,Dollar 2013,Dollar 2013 21,Richness,-0.61,0.3,Prescribed Fire,Low,0,0,No,Grassland,Growing,
Butterflies,Dollar,2013,Dollar 2013,Dollar 2013 22,Abundance,0.34,0.29,Prescribed Fire,Low,0,0,No,Grassland,Growing,
Butterflies,Dollar,2013,Dollar 2013,Dollar 2013 23,Richness,0.51,0.3,Prescribed Fire,Low,0,0,No,Grassland,Growing,
Butterflies,Fleishman,2000,Fleishman 2000,Fleishman 2000 24,Richness,-2.29,0.59,Prescribed Fire,Low,0,0,No,Riparian/GreatBasin,Dormant,
Butterflies,Fleishman,2000,Fleishman 2000,Fleishman 2000 25,Richness,-2.75,0.7,Prescribed Fire,Low,1to5,1,No,Riparian/GreatBasin,Dormant,
Butterflies,Gaigher et al.,2019,Gaigher et al. 2019,Gaigher et al. 2019 26,Richness,-2.74,0.63,Prescribed Fire,Low,Pooled,,No,Grassland,Growing,
Butterflies,Gaigher et al.,2019,Gaigher et al. 2019,Gaigher et al. 2019 27,Abundance,-0.39,0.33,Prescribed Fire,Low,Pooled,,No,Grassland,Growing,
Butterflies,Gaigher et al.,2019,Gaigher et al. 2019,Gaigher et al. 2019 28,Richness,0.84,0.36,Prescribed Fire,Low,1to5,1.5,No,Grassland,Growing,
Butterflies,Gaigher et al.,2019,Gaigher et al. 2019,Gaigher et al. 2019 29,Abundance,-1.24,0.4,Prescribed Fire,Low,1to5,1.5,No,Grassland,Growing,
Butterflies,Gaigher et al.,2019,Gaigher et al. 2019,Gaigher et al. 2019 30,Richness,0.93,0.31,Prescribed Fire,Low,0,0,No,Grassland,Growing,
Butterflies,Gaigher et al.,2019,Gaigher et al. 2019,Gaigher et al. 2019 31,Abundance,-1.41,0.33,Prescribed Fire,Low,0,0,No,Grassland,Growing,
Butterflies,Kambach et al.,2013,Kambach et al. 2013,Kambach et al. 2013 32,Abundance,-0.89,0.26,Prescribed Fire,High,0,0,Yes,Shrubland,Tropics,
Butterflies,Kambach et al.,2013,Kambach et al. 2013,Kambach et al. 2013 33,Richness,-0.78,0.26,Prescribed Fire,High,0,0,Yes,Shrubland,Tropics,
Butterflies,Kwilosz and Knutson,1999,Kwilosz and Knutson 1999,Kwilosz and Knutson 1999 34,Abundance,2.24,0.96,Prescribed Fire,,0,0,No,Broad-Leaf Forest,,
Butterflies,Kwilosz and Knutson,1999,Kwilosz and Knutson 1999,Kwilosz and Knutson 1999 35,Abundance,2.97,0.38,Prescribed Fire,,0,0,Yes,Broad-Leaf Forest,,
Butterflies,Kwilosz and Knutson,1999,Kwilosz and Knutson 1999,Kwilosz and Knutson 1999 36,Abundance,1.19,0.11,Prescribed Fire,,0,0,Yes,Broad-Leaf Forest,,
Butterflies,Kwilosz and Knutson,1999,Kwilosz and Knutson 1999,Kwilosz and Knutson 1999 37,Abundance,1.24,0.15,Prescribed Fire,,0,0,Yes,Broad-Leaf Forest,,
Butterflies,Kwon et al.,2013,Kwon et al. 2013,Kwon et al. 2013 38,Richness,-0.32,0.29,Wildfire,High,0,0,No,Grassland,Growing,
Butterflies,Kwon et al.,2013,Kwon et al. 2013,Kwon et al. 2013 39,Richness,0.98,0.28,Wildfire,High,1to5,1,No,Grassland,Growing,
Butterflies,Kwon et al.,2013,Kwon et al. 2013,Kwon et al. 2013 40,Richness,-1.03,0.29,Wildfire,High,1to5,2,No,Grassland,Growing,
Butterflies,Kwon et al.,2013,Kwon et al. 2013,Kwon et al. 2013 41,Richness,-1.07,0.33,Wildfire,High,1to5,3,No,Grassland,Growing,
Butterflies,Kwon et al.,2013,Kwon et al. 2013,Kwon et al. 2013 42,Richness,0,0.33,Wildfire,High,1to5,4,No,Grassland,Growing,
Butterflies,Leone et al.,2019,Leone et al. 2019,Leone et al. 2019 43,Abundance,1.24,0.23,Prescribed Fire,,Pooled,,Yes,Grassland,Growing,
Butterflies,Leone et al.,2019,Leone et al. 2019,Leone et al. 2019 44,Abundance,0.94,0.21,Prescribed Fire,,Pooled,,Yes,Grassland,Growing,
Butterflies,McCullough et al.,2019,McCullough et al. 2019,McCullough et al. 2019 45,Abundance,-0.16,0.19,Prescribed Fire,,,,Yes,Grassland,Growing,
Butterflies,McCullough et al.,2019,McCullough et al. 2019,McCullough et al. 2019 46,Abundance,-0.58,0.31,Prescribed Fire,,,,Yes,Grassland,Growing,
Butterflies,McCullough et al.,2019,McCullough et al. 2019,McCullough et al. 2019 47,Abundance,0.58,0.07,Prescribed Fire,,,,Yes,Grassland,Growing,
Butterflies,McCullough et al.,2019,McCullough et al. 2019,McCullough et al. 2019 48,Abundance,0.47,0.36,Prescribed Fire,,,,Yes,Grassland,Growing,
Butterflies,McCullough et al.,2019,McCullough et al. 2019,McCullough et al. 2019 49,Abundance,0.18,0.02,Prescribed Fire,,,,Yes,Grassland,Growing,
Butterflies,McCullough et al.,2019,McCullough et al. 2019,McCullough et al. 2019 50,Abundance,-0.49,0.06,Prescribed Fire,,,,Yes,Grassland,Growing,
Butterflies,McCullough et al.,2019,McCullough et al. 2019,McCullough et al. 2019 51,Abundance,-0.35,0.01,Prescribed Fire,,,,Yes,Grassland,Growing,
Butterflies,McCullough et al.,2019,McCullough et al. 2019,McCullough et al. 2019 52,Abundance,-0.52,0.08,Prescribed Fire,,,,Yes,Grassland,Growing,
Butterflies,Mciver and Macke,2014,Mciver and Macke 2014,Mciver and Macke 2014 53,Abundance,0.55,0.3,Prescribed Fire,Low,1to5,1,No,Coniferous Forest,Growing,
Butterflies,Mciver and Macke,2014,Mciver and Macke 2014,Mciver and Macke 2014 54,Abundance,-0.41,0.31,Prescribed Fire,Low,1to5,1,No,Coniferous Forest,Growing,
Butterflies,Mciver and Macke,2014,Mciver and Macke 2014,Mciver and Macke 2014 55,Abundance,1.09,0.53,Prescribed Fire,Low,1to5,1,No,Grassland,Growing,
Butterflies,Mciver and Macke,2014,Mciver and Macke 2014,Mciver and Macke 2014 56,Abundance,0.13,0.28,Prescribed Fire,Low,1to5,1,No,Grassland,Growing,
Butterflies,Mciver and Macke,2014,Mciver and Macke 2014,Mciver and Macke 2014 57,Abundance,0.05,0.33,Prescribed Fire,Low,1to5,1,No,Coniferous Forest,Growing,
Butterflies,Mciver and Macke,2014,Mciver and Macke 2014,Mciver and Macke 2014 58,Richness,0.34,0.29,Prescribed Fire,Low,1to5,1,No,Coniferous Forest,Growing,
Butterflies,Mciver and Macke,2014,Mciver and Macke 2014,Mciver and Macke 2014 59,Richness,-0.76,0.33,Prescribed Fire,Low,1to5,1,No,Coniferous Forest,Growing,
Butterflies,Mciver and Macke,2014,Mciver and Macke 2014,Mciver and Macke 2014 60,Richness,0.69,0.47,Prescribed Fire,Low,1to5,1,No,Grassland,Growing,
Butterflies,Mciver and Macke,2014,Mciver and Macke 2014,Mciver and Macke 2014 61,Richness,0.23,0.29,Prescribed Fire,Low,1to5,1,No,Grassland,Growing,
Butterflies,Mciver and Macke,2014,Mciver and Macke 2014,Mciver and Macke 2014 62,Richness,0,0.33,Prescribed Fire,Low,1to5,1,No,Coniferous Forest,Growing,
Butterflies,Mciver and Macke,2014,Mciver and Macke 2014,Mciver and Macke 2014 63,Abundance,1.07,0.38,Prescribed Fire,Low,1to5,2,No,Coniferous Forest,Growing,
Butterflies,Mciver and Macke,2014,Mciver and Macke 2014,Mciver and Macke 2014 64,Abundance,-0.84,0.34,Prescribed Fire,Low,1to5,2,No,Coniferous Forest,Growing,
Butterflies,Mciver and Macke,2014,Mciver and Macke 2014,Mciver and Macke 2014 65,Abundance,-0.05,0.38,Prescribed Fire,Low,1to5,2,No,Grassland,Growing,
Butterflies,Mciver and Macke,2014,Mciver and Macke 2014,Mciver and Macke 2014 66,Abundance,-0.32,0.29,Prescribed Fire,Low,1to5,2,No,Grassland,Growing,
Butterflies,Mciver and Macke,2014,Mciver and Macke 2014,Mciver and Macke 2014 67,Abundance,0.15,0.33,Prescribed Fire,Low,1to5,2,No,Coniferous Forest,Growing,
Butterflies,Mciver and Macke,2014,Mciver and Macke 2014,Mciver and Macke 2014 68,Richness,0.72,0.35,Prescribed Fire,Low,1to5,2,No,Coniferous Forest,Growing,
Butterflies,Mciver and Macke,2014,Mciver and Macke 2014,Mciver and Macke 2014 69,Richness,0.3,0.31,Prescribed Fire,Low,1to5,2,No,Coniferous Forest,Growing,
Butterflies,Mciver and Macke,2014,Mciver and Macke 2014,Mciver and Macke 2014 70,Richness,-0.14,0.38,Prescribed Fire,Low,1to5,2,No,Grassland,Growing,
Butterflies,Mciver and Macke,2014,Mciver and Macke 2014,Mciver and Macke 2014 71,Richness,0,0.28,Prescribed Fire,Low,1to5,2,No,Grassland,Growing,
Butterflies,Mciver and Macke,2014,Mciver and Macke 2014,Mciver and Macke 2014 72,Richness,0.55,0.34,Prescribed Fire,Low,1to5,2,No,Coniferous Forest,Growing,
Butterflies,Mciver and Macke,2014,Mciver and Macke 2014,Mciver and Macke 2014 73,Abundance,0.64,0.27,Prescribed Fire,Low,1to5,3,No,Coniferous Forest,Growing,
Butterflies,Mciver and Macke,2014,Mciver and Macke 2014,Mciver and Macke 2014 74,Abundance,-0.4,0.29,Prescribed Fire,Low,1to5,3,No,Coniferous Forest,Growing,
Butterflies,Mciver and Macke,2014,Mciver and Macke 2014,Mciver and Macke 2014 75,Abundance,0.85,0.42,Prescribed Fire,Low,1to5,3,No,Grassland,Growing,
Butterflies,Mciver and Macke,2014,Mciver and Macke 2014,Mciver and Macke 2014 76,Abundance,1.06,0.31,Prescribed Fire,Low,1to5,3,No,Grassland,Growing,
Butterflies,Mciver and Macke,2014,Mciver and Macke 2014,Mciver and Macke 2014 77,Abundance,-0.49,0.26,Prescribed Fire,Low,1to5,3,No,Coniferous Forest,Growing,
Butterflies,Mciver and Macke,2014,Mciver and Macke 2014,Mciver and Macke 2014 78,Richness,0.48,0.26,Prescribed Fire,Low,1to5,3,No,Coniferous Forest,Growing,
Butterflies,Mciver and Macke,2014,Mciver and Macke 2014,Mciver and Macke 2014 79,Richness,-0.07,0.28,Prescribed Fire,Low,1to5,3,No,Coniferous Forest,Growing,
Butterflies,Mciver and Macke,2014,Mciver and Macke 2014,Mciver and Macke 2014 80,Richness,10.2,0.44,Prescribed Fire,Low,1to5,3,No,Grassland,Growing,
Butterflies,Mciver and Macke,2014,Mciver and Macke 2014,Mciver and Macke 2014 81,Richness,0.32,0.27,Prescribed Fire,Low,1to5,3,No,Grassland,Growing,
Butterflies,Mciver and Macke,2014,Mciver and Macke 2014,Mciver and Macke 2014 82,Richness,-0.05,0.25,Prescribed Fire,Low,1to5,3,No,Coniferous Forest,Growing,
Butterflies,Mciver and Macke,2014,Mciver and Macke 2014,Mciver and Macke 2014 83,Abundance,0.52,0.3,Prescribed Fire,Low,1to5,4,No,Coniferous Forest,Growing,
Butterflies,Mciver and Macke,2014,Mciver and Macke 2014,Mciver and Macke 2014 84,Abundance,0.23,0.33,Prescribed Fire,Low,1to5,4,No,Coniferous Forest,Growing,
Butterflies,Mciver and Macke,2014,Mciver and Macke 2014,Mciver and Macke 2014 85,Abundance,1.13,0.39,Prescribed Fire,Low,1to5,4,No,Grassland,Growing,
Butterflies,Mciver and Macke,2014,Mciver and Macke 2014,Mciver and Macke 2014 86,Abundance,0.63,0.28,Prescribed Fire,Low,1to5,4,No,Grassland,Growing,
Butterflies,Mciver and Macke,2014,Mciver and Macke 2014,Mciver and Macke 2014 87,Abundance,-0.49,0.25,Prescribed Fire,Low,1to5,4,No,Coniferous Forest,Growing,
Butterflies,Mciver and Macke,2014,Mciver and Macke 2014,Mciver and Macke 2014 88,Richness,0.42,0.29,Prescribed Fire,Low,1to5,4,No,Coniferous Forest,Growing,
Butterflies,Mciver and Macke,2014,Mciver and Macke 2014,Mciver and Macke 2014 89,Richness,0.83,0.36,Prescribed Fire,Low,1to5,4,No,Coniferous Forest,Growing,
Butterflies,Mciver and Macke,2014,Mciver and Macke 2014,Mciver and Macke 2014 90,Richness,1.44,0.43,Prescribed Fire,Low,1to5,4,No,Grassland,Growing,
Butterflies,Mciver and Macke,2014,Mciver and Macke 2014,Mciver and Macke 2014 91,Richness,0.21,0.27,Prescribed Fire,Low,1to5,4,No,Grassland,Growing,
Butterflies,Mciver and Macke,2014,Mciver and Macke 2014,Mciver and Macke 2014 92,Richness,-0.13,0.24,Prescribed Fire,Low,1to5,4,No,Coniferous Forest,Growing,
Butterflies,Mciver and Macke,2014,Mciver and Macke 2014,Mciver and Macke 2014 93,Abundance,0.64,0.35,Prescribed Fire,Low,1to5,5,No,Coniferous Forest,Growing,
Butterflies,Mciver and Macke,2014,Mciver and Macke 2014,Mciver and Macke 2014 94,Abundance,-0.35,0.39,Prescribed Fire,Low,1to5,5,No,Coniferous Forest,Growing,
Butterflies,Mciver and Macke,2014,Mciver and Macke 2014,Mciver and Macke 2014 95,Abundance,-0.33,0.44,Prescribed Fire,Low,1to5,5,No,Grassland,Growing,
Butterflies,Mciver and Macke,2014,Mciver and Macke 2014,Mciver and Macke 2014 96,Abundance,-0.27,0.33,Prescribed Fire,Low,1to5,5,No,Grassland,Growing,
Butterflies,Mciver and Macke,2014,Mciver and Macke 2014,Mciver and Macke 2014 97,Abundance,-0.34,0.29,Prescribed Fire,Low,1to5,5,No,Coniferous Forest,Growing,
Butterflies,Mciver and Macke,2014,Mciver and Macke 2014,Mciver and Macke 2014 98,Richness,0.31,0.33,Prescribed Fire,Low,1to5,5,No,Coniferous Forest,Growing,
Butterflies,Mciver and Macke,2014,Mciver and Macke 2014,Mciver and Macke 2014 99,Richness,0.09,0.38,Prescribed Fire,Low,1to5,5,No,Coniferous Forest,Growing,
Butterflies,Mciver and Macke,2014,Mciver and Macke 2014,Mciver and Macke 2014 100,Richness,-0.18,0.43,Prescribed Fire,Low,1to5,5,No,Grassland,Growing,
Butterflies,Mciver and Macke,2014,Mciver and Macke 2014,Mciver and Macke 2014 101,Richness,-0.1,0.33,Prescribed Fire,Low,1to5,5,No,Grassland,Growing,
Butterflies,Mciver and Macke,2014,Mciver and Macke 2014,Mciver and Macke 2014 102,Richness,-0.1,0.28,Prescribed Fire,Low,1to5,5,No,Coniferous Forest,Growing,
Butterflies,Mciver and Macke,2014,Mciver and Macke 2014,Mciver and Macke 2014 103,Abundance,0.04,0.38,Prescribed Fire,Low,5to10,6,No,Coniferous Forest,Growing,
Butterflies,Mciver and Macke,2014,Mciver and Macke 2014,Mciver and Macke 2014 104,Abundance,-0.38,0.39,Prescribed Fire,Low,5to10,6,No,Coniferous Forest,Growing,
Butterflies,Mciver and Macke,2014,Mciver and Macke 2014,Mciver and Macke 2014 105,Abundance,0.82,0.48,Prescribed Fire,Low,5to10,6,No,Grassland,Growing,
Butterflies,Mciver and Macke,2014,Mciver and Macke 2014,Mciver and Macke 2014 106,Abundance,0.82,0.48,Prescribed Fire,Low,5to10,6,No,Coniferous Forest,Growing,
Butterflies,Mciver and Macke,2014,Mciver and Macke 2014,Mciver and Macke 2014 107,Richness,0.38,0.39,Prescribed Fire,Low,5to10,6,No,Coniferous Forest,Growing,
Butterflies,Mciver and Macke,2014,Mciver and Macke 2014,Mciver and Macke 2014 108,Richness,-0.11,0.38,Prescribed Fire,Low,5to10,6,No,Coniferous Forest,Growing,
Butterflies,Mciver and Macke,2014,Mciver and Macke 2014,Mciver and Macke 2014 109,Richness,0.57,0.45,Prescribed Fire,Low,5to10,6,No,Grassland,Growing,
Butterflies,Mciver and Macke,2014,Mciver and Macke 2014,Mciver and Macke 2014 110,Richness,0.32,0.38,Prescribed Fire,Low,5to10,6,No,Coniferous Forest,Growing,
Butterflies,Mciver and Macke,2014,Mciver and Macke 2014,Mciver and Macke 2014 111,Abundance,0,0.38,Prescribed Fire,Low,5to10,7,No,Coniferous Forest,Growing,
Butterflies,Mciver and Macke,2014,Mciver and Macke 2014,Mciver and Macke 2014 112,Abundance,0.07,0.33,Prescribed Fire,Low,5to10,7,No,Coniferous Forest,Growing,
Butterflies,Mciver and Macke,2014,Mciver and Macke 2014,Mciver and Macke 2014 113,Abundance,0.77,0.4,Prescribed Fire,Low,5to10,7,No,Grassland,Growing,
Butterflies,Mciver and Macke,2014,Mciver and Macke 2014,Mciver and Macke 2014 114,Abundance,0.03,0.33,Prescribed Fire,Low,5to10,7,No,Coniferous Forest,Growing,
Butterflies,Mciver and Macke,2014,Mciver and Macke 2014,Mciver and Macke 2014 115,Richness,-0.13,0.38,Prescribed Fire,Low,5to10,7,No,Coniferous Forest,Growing,
Butterflies,Mciver and Macke,2014,Mciver and Macke 2014,Mciver and Macke 2014 116,Richness,1.08,0.47,Prescribed Fire,Low,5to10,7,No,Coniferous Forest,Growing,
Butterflies,Mciver and Macke,2014,Mciver and Macke 2014,Mciver and Macke 2014 117,Richness,0.84,0.36,Prescribed Fire,Low,5to10,7,No,Coniferous Forest,Growing,
Butterflies,Nowicki et al.,2015,Nowicki et al. 2015,Nowicki et al. 2015 118,Abundance,0.22,0.09,Wildfire,High,0,0,No,floodplain meadow,Growing,
Butterflies,Ohwaki,2019,Ohwaki 2019,Ohwaki 2019 119,Richness,-1.91,0.42,Prescribed Fire,High,0,0,No,Grassland,Growing,
Butterflies,Ohwaki,2019,Ohwaki 2019,Ohwaki 2019 120,Abundance,-2.92,0.59,Prescribed Fire,High,0,0,No,Grassland,Growing,
Butterflies,Powell et al.,2007,Powell et al. 2007,Powell et al. 2007 121,Abundance,-0.66,0.07,Prescribed Fire,Mid,0,0,No,Grassland,Growing,
Butterflies,Pryke and Samways,2012,Pryke and Samways 2012,Pryke and Samways 2012 122,Abundance,0.07,0.41,Wildfire,Low,1to5,1,No,Desert,,
Butterflies,Pryke and Samways,2012,Pryke and Samways 2012,Pryke and Samways 2012 123,Abundance,0.44,0.43,Wildfire,Low,1to5,3,No,Desert,,
Butterflies,Pryke and Samways,2012,Pryke and Samways 2012,Pryke and Samways 2012 124,Richness,-1.1,0.5,Wildfire,Low,1to5,1,No,Desert,,
Butterflies,Pryke and Samways,2012,Pryke and Samways 2012,Pryke and Samways 2012 125,Richness,-0.42,0.43,Wildfire,Low,1to5,3,No,Desert,,
Butterflies,Riva et al.,2018,Riva et al. 2018,Riva et al. 2018 126,Abundance,-0.81,0.01,Wildfire,High,0,0,No,Coniferous Forest,Growing,
Butterflies,Riva et al.,2019,Riva et al. 2019,Riva et al. 2019 127,Richness,0.1,0.13,Wildfire,High,1to5,1,No,Coniferous Forest,Growing,
Butterflies,Riva et al.,2019,Riva et al. 2019,Riva et al. 2019 128,Abundance,-0.26,0.13,Wildfire,High,1to5,1,No,Coniferous Forest,Growing,
Butterflies,Rudolph and Ely,2000,Rudolph and Ely 2000,Rudolph and Ely 2000 129,Abundance,1.53,0.52,Treatment+Fire,,Pooled,,Yes,Coniferous Forest,Dormant,Thinning
Butterflies,Rudolph and Ely,2000,Rudolph and Ely 2000,Rudolph and Ely 2000 130,Abundance,0.98,0.44,Treatment+Fire,,Pooled,,Yes,Coniferous Forest,Dormant,Thinning
Butterflies,Salvato and Salvato,2010,Salvato and Salvato 2010,Salvato and Salvato 2010 131,Abundance,-0.2,0.29,Prescribed Fire,,,,Yes,Coniferous Forest,,
Butterflies,Salvato and Salvato (1),2010,Salvato and Salvato (1) 2010,Salvato and Salvato (1) 2010 132,Abundance,-0.9307,0.5461,Prescribed Fire,,,,Yes,Coniferous Forest,,
Butterflies,Scandurra et al.,2014,Scandurra et al. 2014,Scandurra et al. 2014 133,Richness,3.47,0.21,Wildfire,,0,0,No,Broad-Leaf Forest,Dormant,
Butterflies,Scandurra et al.,2014,Scandurra et al. 2014,Scandurra et al. 2014 134,Abundance,4.78,0.32,Wildfire,,0,0,No,Broad-Leaf Forest,Dormant,
Butterflies,Serrat et al.,2015,Serrat et al. 2015,Serrat et al. 2015 135,Richness,0.31,0.03,Wildfire,High,1to5,2,No,Coniferous Forest,Growing,
Butterflies,Serrat et al.,2015,Serrat et al. 2015,Serrat et al. 2015 136,Abundance,-0.51,0.03,Wildfire,High,1to5,2,No,Coniferous Forest,Growing,
Butterflies,Swengel,combined pubs,Swengel mass data,Swengel mass data 137,Abundance,-0.06,0.05,Prescribed Fire,,1to5,,No,Grassland,,
Butterflies,Swengel,combined pubs,Swengel mass data,Swengel mass data 138,Richness,0.05,0.05,Prescribed Fire,,1to5,,No,Grassland,,
Butterflies,Swengel,combined pubs,Swengel mass data,Swengel mass data 139,Abundance,-0.2,0.09,Prescribed Fire,,1to5,,Yes,Grassland,,
Butterflies,Swengel,combined pubs,Swengel mass data,Swengel mass data 140,Richness,-1.5,0.1,Prescribed Fire,,1to5,,Yes,Grassland,,
Butterflies,Swengel,combined pubs,Swengel mass data,Swengel mass data 141,Abundance,-0.05,0.18,Treatment+Fire,,1to5,,No,Grassland,,Grazing
Butterflies,Swengel,combined pubs,Swengel mass data,Swengel mass data 142,Richness,0.17,0.18,Treatment+Fire,,1to5,,No,Grassland,,Grazing
Butterflies,Waltz and Covinton,2004,Waltz and Covinton 2004,Waltz and Covinton 2004 143,Abundance,-0.06,0.33,Treatment+Fire,Low,0,0,No,Coniferous Forest,Dormant,Thinning
Butterflies,Waltz and Covinton,2004,Waltz and Covinton 2004,Waltz and Covinton 2004 144,Abundance,0.65,0.4,Treatment+Fire,Low,1to5,1,No,Coniferous Forest,Dormant,Thinning
Butterflies,Warchola et al.,2015,Warchola et al. 2015,Warchola et al. 2015 145,Abundance,0.21,0.02,Prescribed Fire,Low,1to5,2,No,Grassland,Growing,
Butterflies,Warchola et al.,2017,Warchola et al. 2017,Warchola et al. 2017 146,Abundance,0.31,0.03,Prescribed Fire,Low,1to5,1,No,Grassland,Dormant,
Butterflies,Warchola et al.,2017,Warchola et al. 2017,Warchola et al. 2017 147,Abundance,0.28,0.03,Prescribed Fire,Low,1to5,2,No,Grassland,Dormant,
Butterflies,Warchola et al.,2017,Warchola et al. 2017,Warchola et al. 2017 148,Abundance,-0.04,0.03,Prescribed Fire,Low,1to5,3,No,Grassland,Dormant,
Butterflies,Nuland et al.,2013,Nuland et al. 2013,Nuland et al. 2013 149,Abundance,0.23,0.07,Prescribed Fire,Low,1to5,1,Yes,Grassland,Dormant,
Butterflies,Welti and Joern,2018,Welti and Joern 2018,Welti and Joern 2018 150,Abundance,0.04,0.48,Prescribed Fire,,1to5,1,Yes,Grassland,Growing,
Butterflies,Welti and Joern,2018,Welti and Joern 2018,Welti and Joern 2018 151,Abundance,-0.28,0.49,Prescribed Fire,,1to5,4,Yes,Grassland,Growing,
Butterflies,Welti and Joern,2018,Welti and Joern 2018,Welti and Joern 2018 152,Richness,0.13,0.48,Prescribed Fire,,1to5,4,Yes,Grassland,Growing,
Butterflies,Welti and Joern,2018,Welti and Joern 2018,Welti and Joern 2018 153,Richness,1.14,0.59,Prescribed Fire,,1to5,1,Yes,Grassland,Growing,
Butterflies,Welti and Joern,2018,Welti and Joern 2018,Welti and Joern 2018 154,Abundance,-1.16,0.59,Treatment+Fire,,1to5,1,Yes,Grassland,Growing,Grazing
Butterflies,Welti and Joern,2018,Welti and Joern 2018,Welti and Joern 2018 155,Richness,-2.72,1.37,Treatment+Fire,,1to5,1,Yes,Grassland,Growing,Grazing
Butterflies,Welti and Joern,2018,Welti and Joern 2018,Welti and Joern 2018 156,Abundance,0.13,0.48,Treatment+Fire,,1to5,4,Yes,Grassland,Growing,Grazing
Butterflies,Welti and Joern,2018,Welti and Joern 2018,Welti and Joern 2018 157,Richness,0.38,0.49,Treatment+Fire,,1to5,4,Yes,Grassland,Growing,Grazing
Bees,Campbell et al.,2007,Campbell et al. 2007,Campbell et al. 2007 1,Abundance,0,0.18,Prescribed Fire,Mid,1to5,1,No,Broad-Leaf Forest,Dormant,
Bees,Campbell et al.,2007,Campbell et al. 2007,Campbell et al. 2007 2,Abundance,0,0.18,Prescribed Fire,Mid,1to5,2,No,Broad-Leaf Forest,Dormant,
Bees,Campbell et al.,2007,Campbell et al. 2007,Campbell et al. 2007 3,Abundance,0.02,0.18,Treatment+Fire,Mid,1to5,1,No,Broad-Leaf Forest,Dormant,Thinning
Bees,Campbell et al.,2007,Campbell et al. 2007,Campbell et al. 2007 4,Abundance,0.19,0.18,Treatment+Fire,Mid,1to5,2,No,Broad-Leaf Forest,Dormant,Thinning
Bees,Lettow et al.,2018,Lettow et al. 2018,Lettow et al. 2018 5,Abundance,0.95,0.11,Prescribed Fire,Low,0,0,No,Broad-Leaf Forest,Growing,
Bees,Lettow et al.,2018,Lettow et al. 2018,Lettow et al. 2018 6,Abundance,1.9,0.14,Prescribed Fire,Low,1to5,1,No,Broad-Leaf Forest,Growing,
Bees,Lettow et al.,2018,Lettow et al. 2018,Lettow et al. 2018 7,Richness,-0.62,0.1,Prescribed Fire,Low,0,0,No,Broad-Leaf Forest,Growing,
Bees,Lettow et al.,2018,Lettow et al. 2018,Lettow et al. 2018 8,Richness,0.62,0.1,Prescribed Fire,Low,1to5,1,No,Broad-Leaf Forest,Growing,
Bees,Lettow et al.,2018,Lettow et al. 2018,Lettow et al. 2018 9,Abundance,1.61,0.13,Treatment+Fire,Low,0,0,No,Broad-Leaf Forest,Growing,Thinning
Bees,Lettow et al.,2018,Lettow et al. 2018,Lettow et al. 2018 10,Abundance,3.1,0.22,Treatment+Fire,Low,1to5,1,No,Broad-Leaf Forest,Growing,Thinning
Bees,Lettow et al.,2018,Lettow et al. 2018,Lettow et al. 2018 11,Richness,3.38,0.24,Treatment+Fire,Low,0,0,No,Broad-Leaf Forest,Growing,Thinning
Bees,Lettow et al.,2018,Lettow et al. 2018,Lettow et al. 2018 12,Richness,3.94,0.29,Treatment+Fire,Low,1to5,1,No,Broad-Leaf Forest,Growing,Thinning
Bees,LoPresti et al.,2018,LoPresti et al. 2018,LoPresti et al. 2018 13,Abundance,0.61,0.18,Wildfire,High,1to5,1,No,Grassland,Growing,
Bees,Love and Cane,2016,Love and Cane 2016,Love and Cane 2016 14,Abundance,-0.53,0.4,Wildfire,High,0,0,No,Grassland,Growing,
Bees,Love and Cane,2016,Love and Cane 2016,Love and Cane 2016 15,Richness,-0.95,0.43,Wildfire,High,0,0,No,Grassland,Growing,
Bees,Moretti et al.,2004,Moretti et al. 2004,Moretti et al. 2004 16,Richness,0.7635,0.2993,Wildfire,Low,,,No,Broad-Leaf Forest,Dormant,
Bees,Moretti et al.,2009,Moretti et al. 2009,Moretti et al. 2009 17,Richness,1.89,0.43,Wildfire,,1to5,2,No,Coniferous Forest,Growing,
Bees,Moretti et al.,2009,Moretti et al. 2009,Moretti et al. 2009 18,Abundance,1.11,0.34,Wildfire,,1to5,2,No,Coniferous Forest,Growing,
Bees,Moretti et al.,2009,Moretti et al. 2009,Moretti et al. 2009 19,Richness,-0.16,0.29,Wildfire,,10+,12,No,Coniferous Forest,Growing,
Bees,Moretti et al.,2009,Moretti et al. 2009,Moretti et al. 2009 20,Abundance,-0.32,0.29,Wildfire,,10+,12,No,Coniferous Forest,Growing,
Bees,Moretti et al.,2009,Moretti et al. 2009,Moretti et al. 2009 21,Richness,-0.76,0.43,Wildfire,,10+,25,No,Coniferous Forest,Growing,
Bees,Moretti et al.,2009,Moretti et al. 2009,Moretti et al. 2009 22,Abundance,-0.12,0.28,Wildfire,,10+,25,No,Coniferous Forest,Growing,
Bees,Moretti et al.,2009,Moretti et al. 2009,Moretti et al. 2009 23,Richness,1.69,0.44,Wildfire,Low,1to5,2,No,Broad-Leaf Forest,Dormant,
Bees,Moretti et al.,2009,Moretti et al. 2009,Moretti et al. 2009 24,Abundance,1.06,0.36,Wildfire,Low,1to5,2,No,Broad-Leaf Forest,Dormant,
Bees,Moretti et al.,2009,Moretti et al. 2009,Moretti et al. 2009 25,Richness,0.72,0.29,Wildfire,Low,10+,12,No,Broad-Leaf Forest,Dormant,
Bees,Moretti et al.,2009,Moretti et al. 2009,Moretti et al. 2009 26,Abundance,0.21,0.27,Wildfire,Low,10+,12,No,Broad-Leaf Forest,Dormant,
Bees,Moretti et al.,2009,Moretti et al. 2009,Moretti et al. 2009 27,Richness,0.11,0.4,Wildfire,Low,10+,25,No,Broad-Leaf Forest,Dormant,
Bees,Moretti et al.,2009,Moretti et al. 2009,Moretti et al. 2009 28,Abundance,0.02,0.4,Wildfire,Low,10+,25,No,Broad-Leaf Forest,Dormant,
Bees,Moylett et al.,2019,Moylett et al. 2019,Moylett et al. 2019 29,Abundance,2.07,0.77,Prescribed Fire,Low,0,0,No,Coniferous Forest,Dormant,
Bees,Moylett et al.,2019,Moylett et al. 2019,Moylett et al. 2019 30,Abundance,1.25,0.6,Prescribed Fire,Low,1to5,1,No,Coniferous Forest,Dormant,
Bees,Moylett et al.,2019,Moylett et al. 2019,Moylett et al. 2019 31,Abundance,1.08,0.45,Prescribed Fire,Low,1to5,2,No,Coniferous Forest,Dormant,
Bees,Moylett et al.,2019,Moylett et al. 2019,Moylett et al. 2019 32,Richness,2.85,1.01,Prescribed Fire,Low,0,0,No,Coniferous Forest,Dormant,
Bees,Moylett et al.,2019,Moylett et al. 2019,Moylett et al. 2019 33,Richness,2.18,0.8,Prescribed Fire,Low,1to5,1,No,Coniferous Forest,Dormant,
Bees,Moylett et al.,2019,Moylett et al. 2019,Moylett et al. 2019 34,Richness,1.85,0.72,Prescribed Fire,Low,1to5,2,No,Coniferous Forest,Dormant,
Bees,Peralta et al.,2017,Peralta et al. 2017,Peralta et al. 2017 35,Richness,-0.65,0.52,Wildfire,,1to5,2,No,Desert,,
Bees,Peralta et al.,2017,Peralta et al. 2017,Peralta et al. 2017 36,Richness,-0.1,0.38,Wildfire,,5to10,8,No,Desert,,
Bees,Peralta et al.,2017,Peralta et al. 2017,Peralta et al. 2017 37,Richness,-0.75,0.41,Wildfire,,10+,19,No,Desert,,
Bees,Potts et al.,2006,Potts et al. 2006,Potts et al. 2006 38,Richness,0.21,0.43,Wildfire,,1to5,3,No,Coniferous Forest,,
Bees,Potts et al.,2006,Potts et al. 2006,Potts et al. 2006 39,Abundance,2.61,1,Wildfire,,1to5,3,No,Coniferous Forest,,
Bees,Potts et al.,2006,Potts et al. 2006,Potts et al. 2006 40,Richness,-0.43,0.44,Wildfire,,10+,20,No,Broad-Leaf Forest,,
Bees,Potts et al.,2006,Potts et al. 2006,Potts et al. 2006 41,Abundance,1.45,0.6,Wildfire,,10+,20,No,Broad-Leaf Forest,,
Bees,Granath et al.,2017,Granath et al. 2017,Granath et al. 2017 42,Abundance,0.99,0.18,Prescribed Fire,Low,10+,12,No,Coniferous Forest,Growing,
Bees,Granath et al.,2017,Granath et al. 2017,Granath et al. 2017 43,Richness,1.25,0.19,Prescribed Fire,Low,10+,12,No,Coniferous Forest,Growing,
Bees,Granath et al.,2017,Granath et al. 2017,Granath et al. 2017 44,Abundance,2.46,0.28,Treatment+Fire,Mid,10+,12,No,Coniferous Forest,Growing,Clear Cut
Bees,Granath et al.,2017,Granath et al. 2017,Granath et al. 2017 45,Richness,3.29,0.38,Treatment+Fire,Mid,10+,12,No,Coniferous Forest,Growing,Clear Cut
Bees,Granath et al.,2017,Granath et al. 2017,Granath et al. 2017 46,Abundance,2.8,0.32,Treatment+Fire,Mid,10+,12,No,Coniferous Forest,Growing,Clear Cut
Bees,Granath et al.,2017,Granath et al. 2017,Granath et al. 2017 47,Richness,4.21,0.53,Treatment+Fire,Mid,10+,12,No,Coniferous Forest,Growing,Clear Cut
Bees,Granath et al.,2017,Granath et al. 2017,Granath et al. 2017 48,Abundance,1.29,0.19,Treatment+Fire,Mid,10+,12,No,Coniferous Forest,Growing,Clear Cut
Bees,Granath et al.,2017,Granath et al. 2017,Granath et al. 2017 49,Richness,3.26,0.38,Treatment+Fire,Mid,10+,12,No,Coniferous Forest,Growing,Clear Cut
Bees,Pryke and Samways,2012,Pryke and Samways 2012,Pryke and Samways 2012 50,Abundance,-0.54,0.43,Wildfire,,0,0,No,Shrubland,Growing,
Bees,Pryke and Samways,2012,Pryke and Samways 2012,Pryke and Samways 2012 51,Abundance,-0.69,0.45,Wildfire,,1to5,1,No,Shrubland,Growing,
Bees,Pryke and Samways,2012,Pryke and Samways 2012,Pryke and Samways 2012 52,Richness,-0.24,0.42,Wildfire,,0,0,No,Shrubland,Growing,
Bees,Pryke and Samways,2012,Pryke and Samways 2012,Pryke and Samways 2012 53,Richness,-0.02,0.41,Wildfire,,1to5,1,No,Shrubland,Growing,
Bees,Rubene et al.,2015,Rubene et al. 2015,Rubene et al. 2015 54,Richness,0.45,0.12,Treatment+Fire,,1to5,4.5,No,Coniferous Forest,Growing,Clear Cut
Bees,Rubene et al.,2015,Rubene et al. 2015,Rubene et al. 2015 55,Abundance,1.05,0.14,Treatment+Fire,,1to5,4.5,No,Coniferous Forest,Growing,Clear Cut
Bees,Adedoja et al.,2019,Adedoja et al. 2019,Adedoja et al. 2019 56,Abundance,0.56,0.41,Prescribed Fire,,0,0,No,Shrubland,Growing,
Bees,Adedoja et al.,2019,Adedoja et al. 2019,Adedoja et al. 2019 57,Richness,0.49,0.41,Prescribed Fire,,0,0,No,Shrubland,Growing,
Bees,Short,2003,Short 2003,Short 2003 58,Abundance,0.1,0.43,Prescribed Fire,Low,1to5,1,No,Coniferous Forest,Dormant,
Bees,Short,2003,Short 2003,Short 2003 59,Abundance,0.42,0.44,Prescribed Fire,Low,1to5,2,No,Coniferous Forest,Dormant,
Bees,Bogusch et al.,2014,Bogusch et al. 2014,Bogusch et al. 2014 60,Abundance,0.82,0.31,Wildfire,High,5to10,7,No,Coniferous Forest,Growing,
Bees,Bogusch et al.,2014,Bogusch et al. 2014,Bogusch et al. 2014 61,Richness,1.14,0.32,Wildfire,High,5to10,7,No,Coniferous Forest,Growing,
Bees,Nuland et al.,2013,Nuland et al. 2013,Nuland et al. 2013 62,Abundance,0.61,0.07,Prescribed Fire,Low,1to5,1,Yes,Grassland,Dormant,
Bees,Nuland et al.,2013,Nuland et al. 2013,Nuland et al. 2013 63,Richness,0.18,0.07,Prescribed Fire,Low,1to5,1,Yes,Grassland,Dormant,
Bees,Welti and Joern,2018,Welti and Joern 2018,Welti and Joern 2018 64,Abundance,10.67,9.97,Prescribed Fire,,1to5,1,Yes,Grassland,Growing,
Bees,Welti and Joern,2018,Welti and Joern 2018,Welti and Joern 2018 65,Richness,2.14,0.86,Prescribed Fire,,1to5,1,Yes,Grassland,Growing,
Bees,Welti and Joern,2018,Welti and Joern 2018,Welti and Joern 2018 66,Abundance,2.23,0.89,Prescribed Fire,,1to5,4,Yes,Grassland,Growing,
Bees,Welti and Joern,2018,Welti and Joern 2018,Welti and Joern 2018 67,Richness,4.24,1.98,Prescribed Fire,,1to5,4,Yes,Grassland,Growing,
Bees,Welti and Joern,2018,Welti and Joern 2018,Welti and Joern 2018 68,Abundance,0.93,0.55,Treatment+Fire,,1to5,1,Yes,Grassland,Growing,Grazing
Bees,Welti and Joern,2018,Welti and Joern 2018,Welti and Joern 2018 69,Richness,0.28,0.49,Treatment+Fire,,1to5,1,Yes,Grassland,Growing,Grazing
Bees,Welti and Joern,2018,Welti and Joern 2018,Welti and Joern 2018 70,Abundance,0.71,0.52,Treatment+Fire,,1to5,4,Yes,Grassland,Growing,Grazing
Bees,Welti and Joern,2018,Welti and Joern 2018,Welti and Joern 2018 71,Richness,0.61,0.51,Treatment+Fire,,1to5,4,Yes,Grassland,Growing,Grazing
Bees,Dodge,2019,Dodge 2019,Dodge 2019 72,Abundance,1.59,0.39,Wildfire,High,5to10,10,No,Coniferous Forest,Growing,
Bees,Dodge,2019,Dodge 2019,Dodge 2019 73,Richness,2.37,0.52,Wildfire,High,5to10,10,No,Coniferous Forest,Growing,
Bees,Ne'eman and Dafni,1999,Ne'eman and Dafni 1999,Ne'eman and Dafni 1999 74,Abundance,3.12,0.04,Wildfire,High,5to10,6,No,Coniferous Forest,Growing,
Bees,"Gelles, Ryleigh",in prep.,"Gelles, Ryleigh GRAY","Gelles, Ryleigh GRAY 75",Richness,0.48,0.22,Wildfire,Low,5to10,7,No,Coniferous Forest,Growing,
Bees,"Gelles, Ryleigh",in prep.,"Gelles, Ryleigh GRAY","Gelles, Ryleigh GRAY 76",Abundance,0,0.19,Wildfire,Low,5to10,7,No,Coniferous Forest,Growing,
Bees,"Gelles, Ryleigh",in prep.,"Gelles, Ryleigh GRAY","Gelles, Ryleigh GRAY 77",Richness,0.81,0.21,Wildfire,High,5to10,7,No,Coniferous Forest,Growing,
Bees,"Gelles, Ryleigh",in prep.,"Gelles, Ryleigh GRAY","Gelles, Ryleigh GRAY 78",Abundance,0,0.12,Wildfire,High,5to10,7,No,Coniferous Forest,Growing,
Bees,Campbell et al.,2018,Campbell et al. 2018,Campbell et al. 2018 79,Abundance,0,0.17,Prescribed Fire,Low,Pooled,,Yes,Broad-Leaf Forest,Dormant,
Bees,Campbell et al.,2018,Campbell et al. 2018,Campbell et al. 2018 80,Abundance,0.1,0.17,Treatment+Fire,Low,Pooled,,Yes,Broad-Leaf Forest,Dormant,Thinning
Bees,Simanonok,2018,Simanonok 2018,Simanonok 2018 81,Abundance,1.62,0.39,Wildfire,High,1to5,3,No,Coniferous Forest,Growing,
Bees,Simanonok,2018,Simanonok 2018,Simanonok 2018 82,Abundance,2.99,0.66,Wildfire,Mid,1to5,3,No,Coniferous Forest,Growing,
Bees,Simanonok,2018,Simanonok 2018,Simanonok 2018 83,Abundance,3.88,0.91,Wildfire,High,1to5,4,No,Coniferous Forest,Growing,
Bees,Simanonok,2018,Simanonok 2018,Simanonok 2018 84,Abundance,1.29,0.35,Wildfire,Mid,1to5,4,No,Coniferous Forest,Growing,
Bees,Simanonok,2018,Simanonok 2018,Simanonok 2018 85,Abundance,1.21,0.35,Wildfire,High,10+,25,No,Coniferous Forest,Growing,
Bees,Simanonok,2018,Simanonok 2018,Simanonok 2018 86,Abundance,1.08,0.33,Wildfire,Mid,10+,25,No,Coniferous Forest,Growing,
Bees,Simanonok,2018,Simanonok 2018,Simanonok 2018 87,Abundance,2.75,0.6,Wildfire,High,5to10,9,No,Coniferous Forest,Growing,
Bees,Simanonok,2018,Simanonok 2018,Simanonok 2018 88,Abundance,4.68,1.2,Wildfire,Mid,5to10,9,No,Coniferous Forest,Growing,
Bees,Simanonok,2018,Simanonok 2018,Simanonok 2018 89,Richness,3.19,0.71,Wildfire,High,1to5,3,No,Coniferous Forest,Growing,
Bees,Simanonok,2018,Simanonok 2018,Simanonok 2018 90,Richness,2.04,0.46,Wildfire,Mid,1to5,3,No,Coniferous Forest,Growing,
Bees,Simanonok,2018,Simanonok 2018,Simanonok 2018 91,Richness,2.36,0.52,Wildfire,High,1to5,4,No,Coniferous Forest,Growing,
Bees,Simanonok,2018,Simanonok 2018,Simanonok 2018 92,Richness,1.15,0.34,Wildfire,Mid,1to5,4,No,Coniferous Forest,Growing,
Bees,Simanonok,2018,Simanonok 2018,Simanonok 2018 93,Richness,1.37,0.36,Wildfire,High,10+,25,No,Coniferous Forest,Growing,
Bees,Simanonok,2018,Simanonok 2018,Simanonok 2018 94,Richness,1.45,0.37,Wildfire,Mid,10+,25,No,Coniferous Forest,Growing,
Bees,Simanonok,2018,Simanonok 2018,Simanonok 2018 95,Richness,6.22,1.89,Wildfire,High,5to10,9,No,Coniferous Forest,Growing,
Bees,Simanonok,2018,Simanonok 2018,Simanonok 2018 96,Richness,3.59,0.82,Wildfire,Mid,5to10,9,No,Coniferous Forest,Growing,
Bees,Decker et al.,2019,Decker et al. 2019,Decker et al. 2019 97,Abundance,0.48,0.09,Prescribed Fire,,0,0,No,Grassland,Dormant,
Bees,Decker et al.,2019,Decker et al. 2019,Decker et al. 2019 98,Richness,0.2,0.09,Prescribed Fire,,0,0,No,Grassland,Dormant,
Bees,Decker et al.,2019,Decker et al. 2019,Decker et al. 2019 99,Abundance,0.55,0.09,Prescribed Fire,,0,0,No,Grassland,Growing,
Bees,Decker et al.,2019,Decker et al. 2019,Decker et al. 2019 100,Richness,0.25,0.09,Prescribed Fire,,0,0,No,Grassland,Growing,
Bees,Valley Forge,2019,Valley Forge 2019,Valley Forge 2019 101,Abundance,0.04,0.83,Prescribed Fire,,1to5,3,No,Grassland,Dormant,
Bees,Kambach,2013,Kambach 2013,Kambach 2013 102,Richness,-1.8469,0.6285,Prescribed Fire,High,0,0,No,Shrubland,Tropics,
Bees,Kambach,2013,Kambach 2013,Kambach 2013 103,Abundance,2.9404,0.7694,Prescribed Fire,High,0,0,No,Shrubland,Tropics,
Bees,Tucker and Rehan ,2019,Tucker and Rehan  2019,Tucker and Rehan  2019 1,Richness,0.29,0.43,Treatment+Fire,Low,,,No,Coniferous Forest,Dormant,Mow
Bees,Tucker and Rehan ,2019,Tucker and Rehan  2019,Tucker and Rehan  2019 2,Abundance,0.45,0.44,Treatment+Fire,Low,,,No,Coniferous Forest,Dormant,Mow
Bees,Tucker and Rehan ,2019,Tucker and Rehan  2019,Tucker and Rehan  2019 3,Richness,1.06,0.55,Treatment+Fire,Low,1to5,,Yes,Coniferous Forest,Dormant,Mow
Bees,Tucker and Rehan ,2019,Tucker and Rehan  2019,Tucker and Rehan  2019 4,Abundance,1.19,0.59,Treatment+Fire,Low,1to5,,Yes,Coniferous Forest,Dormant,Mow
